{
	"info": {
		"_postman_id": "dae708be-b05f-4e35-bb7c-971befb539ef",
		"name": "WeatherSystem",
		"schema": "https://schema.getpostman.com/json/collection/v2.1.0/collection.json"
	},
	"item": [
		{
			"name": "OpenWeather http://api.openweathermap.org/data/2.5/weather?appid=79be99a36b3b79edb3082702fea7f283&q=Dubai",
			"request": {
				"method": "GET",
				"header": [],
				"url": {
					"raw": "http://api.openweathermap.org/data/2.5/weather?appid=79be99a36b3b79edb3082702fea7f283&q=Dubai,AE",
					"protocol": "http",
					"host": [
						"api",
						"openweathermap",
						"org"
					],
					"path": [
						"data",
						"2.5",
						"weather"
					],
					"query": [
						{
							"key": "appid",
							"value": "79be99a36b3b79edb3082702fea7f283"
						},
						{
							"key": "q",
							"value": "Dubai,AE"
						}
					]
				},
				"description": "OpenWeather http://api.openweathermap.org/data/2.5/weather?appid=79be99a36b3b79edb3082702fea7f283&q=Dubai"
			},
			"response": []
		},
		{
			"name": "Get Weather getbycitycountry http://localhost:8080/api/weather/getbycitycountry?citycountry=Dubai,AE",
			"request": {
				"method": "GET",
				"header": [
					{
						"key": "Content-Type",
						"value": "application/json",
						"type": "text"
					}
				],
				"url": {
					"raw": "http://localhost:8080/api/weather/getbycitycountry?citycountry=Dubai,AE",
					"protocol": "http",
					"host": [
						"localhost"
					],
					"port": "8080",
					"path": [
						"api",
						"weather",
						"getbycitycountry"
					],
					"query": [
						{
							"key": "citycountry",
							"value": "Dubai,AE"
						}
					]
				},
				"description": "Get Weather getbycitycountry http://localhost:8080/api/weather/getbycitycountry?citycountry=Dubai,AE"
			},
			"response": []
		},
		{
			"name": "Get Weather by Lat Long  http://localhost:8080/api/weather/getbylatlon?lat=25.3220&lon=55.3865",
			"request": {
				"method": "GET",
				"header": [
					{
						"key": "Content-Type",
						"value": "application/json",
						"type": "text"
					}
				],
				"url": {
					"raw": "http://localhost:8080/api/weather/getbylatlon?lat=25.3220&lon=55.3865",
					"protocol": "http",
					"host": [
						"localhost"
					],
					"port": "8080",
					"path": [
						"api",
						"weather",
						"getbylatlon"
					],
					"query": [
						{
							"key": "lat",
							"value": "25.3220"
						},
						{
							"key": "lon",
							"value": "55.3865"
						}
					]
				},
				"description": "Get Weather by Lat Long  http://localhost:8080/api/weather/getbylatlon?lat=25.3220&lon=55.3865"
			},
			"response": []
		}
	],
	"protocolProfileBehavior": {}
}